City,2009 - 2011 VC Share,2019-2021 VC Total,2019-201 VC Total RANK,2019 -2021 VC Share,2019-2021 Deals Total,2019-2021 Deals Rank,2019-2021 Deal Share,20091-11 to 2019-21 Difference,Full Name,2020 Population,Per Capita,Country
OTHER (Postal Code),4.90696409980839%,690.76920716884,,2.93620720285274%,145,,4.54118383964923%,-1.97075689695565%,,,,
OTHER (No Postal Code),1.78704029973707%,684.5049857634,,2.90958028923234%,248,,7.76699029126214%,1.12253998949528%,,,,
